26.16, 21.313.15 , 7.783.72 , 4.183.72 , 7.071.39 , 7.971.61 , 1.812.63 , 5.845.07 , 4.492.63 , 3.741.31 , 3.851.18 , 7.784.18 , 6.273.36 , 36.569.18 , 2.815.37 , 7.695.81 , 4.882.91 , 6.084.33 , 7.833.41 , 5.476.60 , 7.924.96 , 6.792.03 , 2.473.26 , 3.851.63 , 4.9918.91 , 3.014.59 , 9.142.29 , 1.863.07 , 2.702.66 , 5.072.18 , 6.215.21 , 5.383.33 , 2.723.72 , 5.041.73 , 5.523.45 , 2.762.16 , 2.943.73 , 5.162.39 , 4.162.46 , 3.145.35 , 7.272.53 , 6.562.23 , 5.051.83 , 4.452.65 , 5.762.68 , 3.180.81 , 7.163.71 , 6.233.21 , 5.482.88 , 3.782.75 , 6.083.58 , 5.811.70 , 5.142.44 , 1.892.08 , 3.943.06 , 5.633.87 , 6.483.87 , 5.654.74 , 4.461.80 , 5.071.13 , 7.972.61 , 7.652.51 , 3.264.30 , 6.102.85 , 4.112.68 , 5.704.23 , 1.735.47 ,4.43,1.00
8.66, 31.985.65 , 12.313.76 , 6.906.88 , 8.964.28 , 6.733.48 , 7.652.41 , 8.564.43 , 4.663.77 , 4.541.87 , 34.3523.13 , 14.839.94 , 10.114.45 , 4.261.72 , 5.413.52 , 4.491.97 , 3.934.04 , 2.402.33 , 2.796.27 , 5.851.98 , 6.972.23 , 5.113.74 , 7.813.93 , 5.572.67 , 4.811.66 , 5.045.33 , 6.383.44 , 7.341.97 , 3.722.36 , 4.234.07 , 3.902.98 , 6.354.05 , 4.730.85 , 5.162.53 , 4.724.66 , 5.191.66 , 7.512.02 , 2.602.02 , 3.741.74 , 5.243.19 , 0.571.88 , 5.491.90 , 4.643.13 , 2.743.94 , 6.901.95 , 6.672.65 , 2.892.26 , 6.732.68 , 3.723.96 , 6.641.71 , 6.053.84 , 5.891.01 , 8.552.69 , 3.831.27 , 1.812.22 , 6.754.12 , 4.472.47 , 5.521.97 , 4.441.31 , 5.073.46 , 3.171.22 , 4.141.79 , 5.362.08 , 6.851.20 , 6.101.91 , 8.542.75 , 2.652.83 ,3.30,1.00
48.92, 5.2312.56 , 5.199.66 , 10.776.84 , 10.212.34 , 5.712.78 , 4.464.82 , 6.384.97 , 7.741.05 , 4.3011.63 , 5.3813.92 , 16.755.98 , 1.434.90 , 2.553.75 , 1.322.04 , 2.762.43 , 3.781.65 , 5.433.79 , 6.525.47 , 9.202.96 , 3.472.81 , 3.312.28 , 5.083.42 , 7.092.81 , 7.845.23 , 4.572.50 , 6.832.05 , 5.533.49 , 6.770.74 , 4.461.78 , 6.202.97 , 6.792.62 , 6.791.71 , 3.772.63 , 4.784.08 , 5.733.75 , 4.401.59 , 6.192.74 , 4.721.37 , 4.765.11 , 4.793.67 , 3.910.50 , 6.822.62 , 6.094.33 , 5.263.25 , 3.662.63 , 6.111.64 , 4.061.01 , 5.092.69 , 2.962.51 , 7.013.25 , 3.101.43 , 5.612.21 , 4.273.57 , 4.772.17 , 3.632.11 , 5.292.97 , 4.982.28 , 3.060.29 , 4.711.95 , 3.066.25 , 3.292.12 , 6.242.35 , 3.340.60 , 5.582.60 , 3.953.50 , 3.531.38 ,4.31,1.00
43.62, 15.036.67 , 8.674.23 , 7.865.79 , 6.251.89 , 6.882.25 , 5.692.18 , 5.922.81 , 3.032.37 , 2.6216.79 , 11.224.30 , 7.424.38 , 3.572.16 , 4.873.53 , 2.653.62 , 4.321.32 , 2.602.27 , 7.252.75 , 5.812.04 , 6.981.31 , 7.210.65 , 2.503.54 , 6.421.28 , 7.593.29 , 4.522.77 , 3.274.47 , 2.653.45 , 8.913.96 , 4.182.43 , 5.222.35 , 6.134.10 , 5.441.87 , 5.350.94 , 3.822.37 , 5.962.14 , 2.311.81 , 4.421.12 , 6.122.26 , 4.782.89 , 4.492.21 , 4.432.32 , 6.002.39 , 7.042.02 , 2.403.18 , 2.241.09 , 4.072.59 , 3.295.36 , 7.042.78 , 4.993.09 , 4.722.60 , 5.293.45 , 4.343.42 , 3.203.84 , 4.043.64 , 3.983.66 , 4.630.94 , 5.622.22 , 2.771.06 , 4.404.71 , 6.302.75 , 6.122.30 , 6.214.14 , 5.062.11 , 6.703.21 , 4.382.23 , 3.153.00 , 4.272.86 ,5.10,1.00
3.57, 14.2610.42 , 2.239.38 , 8.415.22 , 6.932.31 , 5.815.40 , 7.125.89 , 7.801.56 , 7.502.44 , 2.7323.28 , 18.118.74 , 5.444.70 , 4.835.95 , 2.443.17 , 9.234.78 , 6.671.98 , 5.612.41 , 5.460.56 , 5.992.07 , 5.560.77 , 3.231.01 , 6.763.16 , 6.501.81 , 7.510.99 , 4.341.31 , 6.583.72 , 2.434.54 , 4.271.73 , 5.261.13 , 5.282.95 , 7.172.85 , 6.561.41 , 4.862.04 , 6.452.32 , 5.232.00 , 5.043.14 , 3.972.41 , 4.081.73 , 3.972.42 , 4.022.44 , 5.510.58 , 3.501.38 , 5.641.43 , 1.484.20 , 5.913.45 , 6.751.41 , 1.673.02 , 2.470.86 , 3.002.35 , 6.805.26 , 4.672.33 , 4.703.64 , 3.902.42 , 3.892.40 , 4.201.31 , 3.040.83 , 4.982.53 , 7.552.77 , 6.003.79 , 3.253.41 , 5.373.48 , 4.143.22 , 3.895.35 , 4.051.27 , 5.601.79 , 8.422.49 , 3.862.88 ,6.53,1.00
8.58, 34.5714.87 , 14.079.18 , 8.537.03 , 12.616.88 , 8.784.23 , 8.142.33 , 6.571.56 , 3.8928.55 , 40.7814.31 , 6.297.42 , 13.933.42 , 2.292.03 , 4.113.62 , 2.493.62 , 3.392.39 , 6.322.00 , 6.682.86 , 8.221.28 , 3.392.81 , 2.362.19 , 5.104.06 , 5.562.32 , 9.573.33 , 8.373.83 , 4.983.45 , 5.592.87 , 4.553.66 , 3.182.59 , 5.095.02 , 5.593.59 , 3.201.33 , 5.182.91 , 6.811.52 , 4.852.29 , 3.495.42 , 1.641.50 , 3.204.30 , 4.374.32 , 6.262.66 , 7.640.94 , 4.183.54 , 6.833.71 , 4.640.90 , 3.282.54 , 8.464.16 , 5.131.78 , 5.873.27 , 4.905.20 , 5.713.06 , 2.932.58 , 2.351.78 , 5.052.39 , 3.961.32 , 5.561.43 , 4.270.65 , 4.715.41 , 6.424.06 , 5.852.18 , 3.792.66 , 4.225.74 , 4.612.96 , 3.413.72 , 6.812.64 , 7.094.43 , 3.304.90 , 4.901.45 ,4.50,1.00
18.19, 14.187.90 , 9.908.59 , 11.495.45 , 5.413.12 , 5.512.64 , 5.546.18 , 6.061.76 , 5.763.75 , 3.7016.88 , 12.205.12 , 5.484.79 , 4.811.36 , 0.671.56 , 3.891.84 , 4.322.48 , 5.094.04 , 6.713.76 , 6.613.13 , 3.023.89 , 4.231.64 , 4.883.08 , 3.870.68 , 5.455.53 , 6.591.69 , 6.611.91 , 7.371.99 , 2.320.63 , 4.721.22 , 6.915.47 , 5.752.13 , 3.623.27 , 3.852.14 , 3.153.61 , 6.142.18 , 3.061.60 , 4.323.77 , 5.942.44 , 5.632.98 , 6.072.38 , 4.091.79 , 4.183.72 , 3.413.05 , 5.882.26 , 4.863.55 , 7.522.15 , 3.392.34 , 2.840.49 , 4.091.75 , 6.622.66 , 6.151.96 , 2.781.28 , 2.732.51 , 4.281.85 , 4.281.38 , 3.914.39 , 5.722.35 , 5.364.09 , 6.023.74 , 6.912.13 , 5.433.87 , 3.512.67 , 3.151.18 , 7.143.40 , 3.672.54 , 5.422.56 , 3.561.58 ,4.80,1.00
19.37, 14.806.03 , 6.8810.65 , 9.547.92 , 8.434.61 , 9.411.65 , 6.192.08 , 4.7415.45 , 3.1314.75 , 7.877.09 , 13.541.80 , 6.466.13 , 3.375.07 , 3.651.85 , 2.550.64 , 3.081.87 , 5.190.67 , 7.521.27 , 3.956.23 , 2.871.09 , 3.115.15 , 5.893.76 , 8.222.43 , 4.863.43 , 2.841.25 , 5.671.73 , 6.352.79 , 3.693.45 , 8.364.61 , 6.111.03 , 3.362.42 , 2.764.54 , 3.411.30 , 6.071.96 , 3.342.59 , 6.771.91 , 7.681.65 , 7.232.33 , 6.433.21 , 5.694.37 , 7.873.06 , 5.260.50 , 5.112.87 , 5.341.99 , 2.641.46 , 4.842.96 , 5.970.85 , 6.174.03 , 6.901.75 , 6.023.51 , 3.521.13 , 7.883.04 , 4.730.73 , 4.592.59 , 1.343.33 , 4.903.37 , 6.320.52 , 3.913.28 , 8.181.36 , 5.214.28 , 5.022.49 , 6.252.55 , 5.902.31 , 2.362.56 , 4.925.87 , 3.492.63 , 4.072.53 ,6.03,1.00
14.04, 3.2823.87 , 10.689.37 , 20.794.72 , 13.332.54 , 8.592.19 , 6.683.32 , 8.753.81 , 3.212.50 , 1.816.20 , 8.7365.34 , 22.453.58 , 2.248.89 , 6.258.36 , 2.647.20 , 45.674.35 , 5.833.78 , 5.598.27 , 10.961.38 , 5.594.17 , 5.144.90 , 2.192.05 , 4.185.17 , 6.302.10 , 10.132.33 , 8.742.49 , 5.095.83 , 3.476.90 , 3.794.38 , 5.883.81 , 7.323.44 , 5.361.62 , 4.994.36 , 2.383.55 , 4.152.12 , 2.881.76 , 6.762.67 , 2.012.03 , 8.921.55 , 5.433.59 , 3.691.02 , 2.991.66 , 4.042.74 , 5.883.85 , 6.492.04 , 3.742.34 , 5.222.99 , 4.441.31 , 3.842.08 , 5.312.43 , 5.072.74 , 2.082.90 , 4.661.42 , 5.411.06 , 6.092.58 , 4.422.39 , 6.464.64 , 6.041.41 , 6.912.03 , 4.173.03 , 5.925.88 , 6.344.74 , 4.441.41 , 7.895.06 , 5.412.14 , 6.031.80 , 2.592.18 ,4.55,1.00
65.56, 4.573.01 , 16.447.32 , 6.688.59 , 7.855.70 , 9.353.19 , 6.366.99 , 5.214.68 , 6.602.00 , 4.912.22 , 5.031.80 , 40.0813.44 , 16.413.85 , 6.635.70 , 1.681.24 , 3.282.43 , 4.692.37 , 5.3717.17 , 1.456.13 , 8.415.41 , 9.961.94 , 3.442.26 , 2.101.92 , 4.236.11 , 7.373.20 , 5.401.73 , 4.232.26 , 3.742.82 , 5.741.26 , 4.291.13 , 6.641.35 , 5.992.76 , 5.632.33 , 3.381.26 , 5.211.50 , 1.841.21 , 4.471.24 , 3.951.33 , 3.720.95 , 4.035.93 , 3.091.90 , 4.011.79 , 5.993.67 , 4.833.69 , 6.224.11 , 7.652.57 , 4.051.82 , 2.242.47 , 5.100.79 , 5.432.98 , 4.762.99 , 2.222.76 , 6.523.80 , 4.063.71 , 5.086.13 , 7.936.33 , 3.173.42 , 6.321.87 , 3.611.75 , 3.431.02 , 7.013.05 , 4.523.86 , 4.112.87 , 3.313.65 , 5.272.98 , 2.461.98 , 6.695.03 ,3.18,1.00
30.74, 16.054.70 , 7.614.79 , 6.582.68 , 6.086.06 , 10.535.44 , 10.467.68 , 7.244.05 , 7.974.22 , 5.5831.14 , 13.016.92 , 7.758.59 , 2.364.86 , 4.231.24 , 4.450.43 , 5.182.94 , 5.261.58 , 6.602.44 , 8.605.30 , 7.652.81 , 4.041.98 , 1.572.24 , 7.033.51 , 5.864.94 , 5.711.95 , 4.672.49 , 5.222.03 , 4.421.25 , 4.411.53 , 3.742.87 , 5.963.02 , 3.513.01 , 2.182.81 , 4.574.25 , 5.264.35 , 6.380.64 , 5.172.56 , 5.231.87 , 2.501.09 , 3.784.97 , 5.082.63 , 6.711.42 , 5.724.13 , 3.552.89 , 3.436.18 , 6.741.80 , 9.582.49 , 4.651.07 , 3.024.70 , 5.403.10 , 3.551.97 , 4.891.70 , 4.272.28 , 5.161.69 , 4.121.95 , 1.972.29 , 4.480.97 , 4.193.77 , 6.043.32 , 6.391.61 , 2.722.03 , 3.871.37 , 5.304.02 , 4.483.99 , 1.411.42 , 5.390.35 , 3.272.55 ,6.63,1.00
7.84, 14.6321.73 , 6.607.00 , 8.444.25 , 6.020.97 , 2.862.03 , 4.0810.29 , 10.027.75 , 10.916.39 , 6.785.37 , 6.812.76 , 6.209.29 , 11.792.73 , 9.534.16 , 2.922.09 , 2.854.06 , 4.376.95 , 6.602.91 , 1.091.57 , 5.351.03 , 7.643.41 , 7.053.83 , 7.161.48 , 4.963.23 , 6.982.74 , 5.782.39 , 5.731.66 , 6.202.15 , 4.483.34 , 9.202.33 , 4.634.57 , 4.891.10 , 3.863.39 , 5.641.09 , 5.746.73 , 6.432.57 , 6.881.76 , 5.422.59 , 6.042.04 , 6.622.11 , 5.702.32 , 5.331.98 , 3.830.71 , 5.624.20 , 2.791.94 , 4.492.00 , 4.624.74 , 9.671.78 , 3.302.94 , 4.594.19 , 3.411.91 , 6.340.62 , 7.742.06 , 3.583.00 , 4.151.88 , 6.652.36 , 3.233.48 , 5.183.30 , 5.412.01 , 3.712.36 , 5.562.50 , 3.753.35 , 6.411.56 , 3.682.27 , 5.564.23 , 5.423.01 , 5.764.97 ,7.07,1.00
12.27, 12.8519.38 , 16.345.32 , 8.422.68 , 3.694.20 , 5.943.14 , 1.453.03 , 1.353.01 , 6.508.75 , 12.759.48 , 10.662.27 , 2.173.81 , 6.0818.13 , 18.845.23 , 8.684.99 , 2.985.77 , 15.091.95 , 2.151.26 , 5.995.34 , 5.523.97 , 6.245.44 , 6.612.15 , 4.664.94 , 2.142.35 , 2.501.57 , 7.103.11 , 4.312.57 , 1.170.92 , 4.073.64 , 4.432.96 , 5.854.24 , 5.402.24 , 7.112.51 , 6.302.36 , 4.293.86 , 1.022.91 , 2.616.38 , 5.293.71 , 8.182.58 , 3.832.57 , 4.361.37 , 3.024.06 , 5.111.71 , 6.616.51 , 5.686.08 , 8.523.86 , 5.131.44 , 3.411.90 , 3.653.61 , 6.445.69 , 7.705.15 , 6.022.82 , 6.685.51 , 4.412.57 , 3.502.12 , 4.132.89 , 8.674.16 , 7.941.61 , 6.593.26 , 1.146.20 , 2.513.36 , 4.984.12 , 4.863.10 , 7.031.77 , 9.263.08 , 4.114.39 , 3.522.72 ,2.60,1.00
25.65, 12.608.66 , 4.996.94 , 8.804.42 , 5.951.55 , 4.583.79 , 3.770.91 , 2.513.02 , 2.512.28 , 3.531.86 , 29.5940.90 , 8.225.87 , 4.982.82 , 6.145.06 , 8.334.76 , 6.664.54 , 9.516.03 , 6.741.30 , 7.091.32 , 6.742.30 , 3.024.41 , 40.459.39 , 2.832.28 , 7.862.07 , 6.272.06 , 1.241.97 , 3.722.47 , 9.393.03 , 1.9211.87 , 11.150.93 , 5.883.13 , 2.121.86 , 4.582.23 , 2.682.54 , 4.143.89 , 6.384.16 , 3.786.10 , 2.861.29 , 6.674.27 , 6.334.46 , 6.232.69 , 9.592.94 , 6.392.24 , 3.282.33 , 4.612.49 , 6.584.92 , 5.111.30 , 4.251.91 , 5.496.16 , 9.502.29 , 3.454.02 , 3.092.15 , 5.122.30 , 8.222.13 , 8.613.06 , 4.803.90 , 5.582.15 , 2.401.48 , 4.762.44 , 8.453.20 , 5.152.13 , 4.243.52 , 2.264.18 , 4.521.89 , 4.613.98 , 5.033.91 , 3.691.70 ,5.80,1.00
31.41, 34.926.48 , 1.184.95 , 9.525.46 , 8.042.08 , 4.833.06 , 6.325.11 , 9.484.27 , 4.321.81 , 4.003.70 , 3.4214.84 , 37.2911.52 , 3.781.44 , 4.092.25 , 3.961.32 , 4.062.27 , 1.427.96 , 9.442.80 , 7.933.34 , 6.815.51 , 2.564.81 , 7.074.26 , 4.803.74 , 8.682.71 , 4.635.27 , 3.062.01 , 6.172.15 , 5.741.91 , 4.363.41 , 4.962.50 , 6.912.57 , 5.794.75 , 4.462.90 , 4.091.70 , 5.522.93 , 1.331.91 , 7.421.88 , 4.662.20 , 5.074.44 , 3.411.61 , 2.773.35 , 4.554.74 , 5.321.28 , 4.104.70 , 7.633.01 , 3.581.20 , 3.662.83 , 3.652.45 , 5.372.63 , 6.436.06 , 7.534.42 , 8.102.10 , 2.592.56 , 2.022.11 , 3.582.40 , 5.261.65 , 4.412.12 , 4.271.63 , 3.922.76 , 4.473.63 , 3.531.12 , 5.583.16 , 5.311.54 , 7.112.01 , 4.702.37 , 6.522.94 , 3.762.64 ,3.36,1.00
3.56, 31.7414.32 , 13.654.47 , 11.672.23 , 9.552.85 , 5.894.54 , 5.963.61 , 6.595.60 , 6.083.78 , 6.982.14 , 5.186.88 , 9.025.21 , 8.961.67 , 6.192.37 , 3.9243.62 , 4.2314.76 , 14.2811.45 , 6.184.13 , 48.1410.60 , 6.305.81 , 5.904.59 , 4.544.50 , 3.542.93 , 2.725.28 , 6.272.17 , 3.462.34 , 5.251.78 , 5.133.16 , 6.441.90 , 2.922.02 , 6.282.84 , 8.553.50 , 2.983.86 , 5.051.32 , 4.421.17 , 5.951.29 , 6.051.52 , 3.962.10 , 1.971.94 , 6.122.44 , 7.702.66 , 4.810.79 , 3.341.53 , 5.403.26 , 4.781.54 , 5.662.56 , 1.753.04 , 4.611.79 , 6.634.51 , 6.843.14 , 4.933.67 , 5.201.17 , 5.673.65 , 4.123.09 , 4.803.97 , 6.122.53 , 4.870.91 , 3.582.29 , 2.031.75 , 3.683.22 , 2.603.84 , 3.892.31 , 4.001.35 , 4.403.89 , 4.613.75 , 4.001.83 , 5.472.93 ,4.70,1.00
12.36, 20.773.16 , 7.693.86 , 10.207.49 , 8.012.70 , 7.4718.48 , 13.663.88 , 10.516.57 , 7.153.29 , 2.215.86 , 4.764.50 , 5.021.71 , 6.661.34 , 5.212.81 , 3.6617.33 , 14.8510.11 , 3.348.72 , 6.183.34 , 3.784.36 , 5.277.46 , 5.044.20 , 5.722.96 , 7.295.40 , 5.803.64 , 5.023.61 , 3.881.35 , 4.394.43 , 5.413.91 , 3.463.00 , 3.822.81 , 4.741.86 , 6.443.12 , 5.386.33 , 5.612.95 , 4.542.79 , 3.354.66 , 1.833.28 , 1.483.36 , 6.204.93 , 4.303.01 , 4.472.51 , 5.280.61 , 6.413.23 , 5.112.54 , 3.173.51 , 4.391.87 , 3.191.84 , 9.443.35 , 4.611.59 , 3.800.94 , 8.200.97 , 6.671.57 , 3.864.86 , 6.022.43 , 3.374.64 , 3.882.71 , 5.001.15 , 3.803.89 , 5.792.92 , 3.662.23 , 3.125.26 , 3.492.61 , 6.472.24 , 4.263.69 , 4.454.53 , 2.622.92 , 3.112.79 ,3.46,1.00
59.97, 11.388.18 , 7.755.86 , 6.713.49 , 5.2313.06 , 4.807.54 , 20.867.40 , 14.1110.78 , 8.211.91 , 3.182.20 , 1.903.49 , 2.643.52 , 9.384.47 , 8.3534.33 , 16.504.85 , 5.2510.62 , 4.519.37 , 6.6310.14 , 3.136.08 , 7.273.32 , 8.003.50 , 4.573.64 , 3.561.68 , 3.902.62 , 4.334.40 , 1.663.92 , 8.274.57 , 10.590.46 , 3.811.87 , 4.032.55 , 3.664.21 , 4.342.52 , 5.194.51 , 3.106.11 , 5.742.73 , 1.433.48 , 5.165.64 , 3.834.27 , 9.866.81 , 6.923.38 , 4.432.06 , 7.043.40 , 3.863.56 , 4.253.30 , 1.813.82 , 4.875.01 , 4.446.03 , 6.310.94 , 3.091.07 , 5.242.54 , 3.121.51 , 3.531.89 , 8.981.57 , 4.763.93 , 3.945.15 , 6.803.55 , 1.873.09 , 6.062.99 , 4.182.45 , 5.034.50 , 3.002.29 , 8.601.50 , 5.604.17 , 4.410.71 , 3.182.21 , 5.134.40 , 6.742.45 ,4.85,1.00
13.35, 11.044.16 , 4.814.53 , 6.9223.61 , 1.785.04 , 8.374.94 , 7.076.95 , 9.583.35 , 6.523.53 , 5.462.47 , 6.501.34 , 10.184.23 , 5.3418.50 , 4.1214.00 , 9.4510.59 , 61.9933.41 , 15.587.80 , 2.623.28 , 2.202.75 , 6.333.84 , 4.902.22 , 6.822.80 , 5.111.10 , 6.613.58 , 4.611.33 , 8.153.95 , 7.412.33 , 5.431.39 , 6.422.28 , 2.280.84 , 5.720.98 , 5.411.99 , 3.612.46 , 6.002.25 , 6.244.36 , 1.783.62 , 5.304.48 , 3.813.38 , 4.111.47 , 7.390.44 , 4.322.00 , 4.224.20 , 7.412.99 , 2.405.08 , 5.554.68 , 8.532.77 , 6.873.14 , 3.322.33 , 3.352.84 , 3.944.24 , 2.902.67 , 5.181.78 , 6.484.18 , 4.323.89 , 6.222.18 , 5.472.90 , 3.764.27 , 5.701.47 , 5.931.78 , 3.562.56 , 3.081.76 , 4.063.63 , 5.871.55 , 4.831.84 , 4.143.79 , 7.772.91 , 5.433.04 ,3.81,1.00
34.26, 10.8617.22 , 4.266.38 , 7.914.69 , 4.952.25 , 4.854.30 , 2.052.65 , 5.934.90 , 8.091.84 , 7.002.96 , 4.661.79 , 7.602.62 , 6.703.70 , 2.564.86 , 37.819.06 , 15.864.32 , 5.692.95 , 3.943.30 , 4.722.74 , 5.193.50 , 3.691.82 , 2.582.96 , 5.901.17 , 4.101.72 , 2.834.03 , 3.952.02 , 4.251.33 , 5.762.84 , 5.794.32 , 5.451.08 , 2.993.06 , 5.062.88 , 4.281.58 , 5.533.46 , 5.772.76 , 7.443.65 , 3.093.00 , 3.902.81 , 4.410.80 , 7.413.32 , 4.524.35 , 5.363.42 , 4.231.44 , 4.462.38 , 2.651.95 , 2.482.48 , 7.325.05 , 6.272.24 , 4.802.00 , 4.502.45 , 5.994.01 , 7.063.60 , 5.241.99 , 3.551.90 , 4.672.53 , 4.520.58 , 5.152.75 , 7.122.48 , 4.171.79 , 1.451.61 , 3.751.24 , 4.462.12 , 6.663.30 , 6.181.36 , 2.451.74 , 6.772.92 , 4.973.03 ,6.18,1.00
50.25, 5.494.89 , 5.596.62 , 8.902.77 , 3.281.68 , 6.542.45 , 3.912.29 , 8.723.36 , 4.184.06 , 5.219.39 , 30.7213.23 , 13.126.16 , 2.965.05 , 7.350.88 , 2.691.86 , 3.621.31 , 2.331.78 , 4.693.39 , 6.633.30 , 6.571.06 , 4.302.40 , 3.301.47 , 4.491.06 , 7.112.46 , 4.472.85 , 4.304.19 , 6.371.89 , 3.754.05 , 4.012.03 , 4.852.81 , 5.581.52 , 2.714.39 , 4.612.53 , 3.972.28 , 4.495.18 , 2.224.25 , 4.474.62 , 3.065.58 , 8.344.46 , 2.292.81 , 6.913.79 , 6.181.96 , 4.402.28 , 3.763.22 , 4.173.91 , 5.022.02 , 8.774.22 , 4.313.80 , 4.721.54 , 3.604.59 , 4.284.64 , 7.701.14 , 4.761.93 , 3.461.24 , 3.272.39 , 4.023.94 , 4.562.20 , 6.123.36 , 3.363.38 , 5.672.06 , 4.122.87 , 3.122.48 , 2.505.11 , 4.061.47 , 3.204.64 , 5.935.06 , 6.142.27 ,5.19,1.00
13.93, 9.843.18 , 8.003.11 , 5.132.48 , 7.152.17 , 4.613.01 , 4.952.65 , 5.951.82 , 3.272.26 , 4.295.15 , 8.3229.35 , 28.3912.43 , 17.032.86 , 5.864.18 , 4.213.01 , 4.973.14 , 5.643.94 , 6.493.38 , 2.402.57 , 5.361.74 , 4.122.66 , 3.002.53 , 8.161.88 , 5.911.76 , 7.513.19 , 2.112.57 , 4.273.05 , 4.082.03 , 3.882.76 , 6.943.01 , 7.444.96 , 4.032.74 , 3.655.24 , 4.901.50 , 6.482.52 , 4.932.92 , 6.142.44 , 5.202.28 , 5.454.08 , 5.701.71 , 5.331.65 , 2.902.11 , 5.430.41 , 6.122.00 , 4.522.92 , 3.061.95 , 4.831.77 , 3.342.11 , 2.922.42 , 3.741.71 , 5.292.69 , 6.033.45 , 8.442.96 , 5.251.33 , 3.183.69 , 5.162.04 , 4.572.34 , 3.892.27 , 4.333.28 , 2.396.00 , 5.911.53 , 5.111.81 , 6.493.00 , 4.472.39 , 4.592.89 , 3.262.03 , 5.746.13 ,2.76,1.00
10.56, 14.215.98 , 6.606.44 , 9.995.50 , 10.304.88 , 8.604.88 , 8.141.11 , 6.332.40 , 1.934.69 , 3.8643.39 , 27.9021.31 , 18.358.38 , 9.907.73 , 2.244.51 , 3.963.00 , 4.623.12 , 3.461.25 , 4.803.02 , 6.184.10 , 4.692.71 , 2.6919.03 , 12.596.02 , 12.9511.00 , 12.962.91 , 3.082.23 , 4.854.37 , 5.373.72 , 6.331.26 , 4.751.69 , 7.633.67 , 2.974.40 , 7.282.42 , 4.502.38 , 5.951.39 , 4.723.84 , 5.172.99 , 7.202.93 , 5.442.15 , 6.332.53 , 6.182.57 , 4.261.93 , 4.011.18 , 4.733.14 , 3.101.86 , 6.111.58 , 6.913.10 , 5.242.25 , 2.960.43 , 2.382.00 , 6.261.18 , 6.493.87 , 4.361.74 , 2.361.40 , 3.753.41 , 6.361.63 , 5.012.43 , 6.883.37 , 5.854.87 , 5.410.70 , 3.983.25 , 5.721.94 , 1.922.51 , 5.593.03 , 2.973.33 , 8.075.74 , 5.962.19 , 5.922.68 ,4.94,1.00
27.99, 4.9910.76 , 6.711.83 , 9.137.10 , 10.142.82 , 6.584.79 , 13.388.60 , 21.604.25 , 7.844.19 , 3.993.58 , 3.222.07 , 4.662.08 , 4.0616.86 , 33.825.57 , 5.427.20 , 11.446.07 , 3.652.12 , 3.662.07 , 2.652.57 , 2.662.13 , 5.594.18 , 9.422.37 , 3.521.74 , 4.930.81 , 3.222.07 , 7.633.08 , 15.2612.51 , 17.785.96 , 4.192.26 , 9.270.55 , 3.734.21 , 5.892.61 , 6.402.79 , 6.062.45 , 5.163.02 , 5.411.41 , 4.604.08 , 4.282.83 , 2.193.56 , 5.532.93 , 4.760.68 , 4.472.49 , 3.121.76 , 5.161.92 , 3.812.12 , 3.352.13 , 5.832.60 , 4.550.95 , 2.292.95 , 3.641.55 , 4.883.09 , 5.682.90 , 5.331.50 , 6.461.15 , 7.914.63 , 3.571.20 , 4.042.01 , 3.862.19 , 2.243.35 , 5.024.56 , 6.673.59 , 3.322.05 , 5.382.23 , 2.892.25 , 5.413.36 , 4.982.22 , 6.622.54 ,2.79,1.00
13.69, 37.437.50 , 12.957.03 , 5.778.41 , 11.955.53 , 7.084.07 , 6.345.29 , 5.892.12 , 7.422.66 , 2.334.64 , 8.0717.86 , 19.193.11 , 7.336.06 , 6.3752.74 , 11.089.95 , 5.045.22 , 5.064.33 , 3.141.24 , 3.914.25 , 8.693.07 , 2.462.76 , 0.961.38 , 3.994.68 , 4.231.04 , 5.341.79 , 3.652.57 , 9.503.77 , 6.681.63 , 4.363.64 , 3.433.65 , 6.135.53 , 10.562.55 , 3.101.78 , 5.604.54 , 4.624.00 , 3.280.71 , 4.353.57 , 6.223.01 , 3.721.45 , 6.322.11 , 3.892.48 , 5.061.80 , 5.223.45 , 4.102.43 , 6.833.87 , 4.773.41 , 6.091.66 , 4.553.05 , 1.902.02 , 5.322.14 , 5.331.03 , 5.891.14 , 2.631.25 , 4.572.77 , 4.592.53 , 7.110.29 , 5.742.78 , 6.342.30 , 3.972.72 , 4.703.06 , 3.872.21 , 4.261.97 , 5.751.52 , 4.981.92 , 2.921.20 , 4.872.10 , 3.323.31 ,3.41,1.00
6.32, 26.2112.15 , 13.546.15 , 6.863.46 , 8.943.17 , 7.703.36 , 6.051.78 , 8.045.45 , 5.263.76 , 4.253.44 , 3.742.62 , 3.6640.86 , 14.0317.14 , 4.308.52 , 4.883.99 , 7.733.01 , 2.331.05 , 6.672.14 , 2.041.59 , 3.3329.85 , 7.392.61 , 13.061.79 , 6.422.98 , 2.454.37 , 7.372.87 , 6.381.59 , 3.863.07 , 4.232.63 , 7.054.18 , 4.112.47 , 3.881.87 , 2.532.53 , 5.983.48 , 5.870.76 , 6.861.92 , 4.362.82 , 7.624.37 , 5.081.76 , 7.335.19 , 9.041.92 , 6.132.80 , 5.562.81 , 5.022.42 , 4.722.70 , 4.733.14 , 6.372.84 , 6.202.41 , 3.222.69 , 5.494.00 , 6.132.84 , 6.272.93 , 2.882.24 , 6.232.60 , 5.481.66 , 4.674.03 , 3.541.18 , 5.911.83 , 3.911.04 , 4.462.44 , 5.825.32 , 4.181.44 , 5.480.71 , 6.052.05 , 4.343.08 , 4.982.77 , 3.743.70 , 6.013.22 ,5.80,1.00
18.83, 12.873.76 , 6.537.04 , 5.295.60 , 7.089.92 , 12.5849.16 , 17.874.33 , 12.922.80 , 1.572.17 , 4.795.44 , 5.1931.68 , 47.349.85 , 17.444.17 , 8.0118.03 , 22.2111.39 , 6.454.38 , 9.945.02 , 4.372.84 , 5.354.04 , 6.213.47 , 5.124.91 , 3.274.23 , 2.142.48 , 0.775.26 , 6.544.65 , 7.845.10 , 4.411.63 , 2.022.69 , 3.481.33 , 5.731.75 , 5.114.48 , 6.723.05 , 5.691.64 , 3.291.94 , 3.772.36 , 3.810.71 , 5.352.03 , 4.192.53 , 5.833.77 , 6.182.83 , 4.252.27 , 4.713.58 , 1.873.36 , 5.082.62 , 5.591.97 , 4.770.80 , 3.602.15 , 4.621.41 , 5.113.03 , 6.512.94 , 6.211.05 , 2.171.11 , 3.523.27 , 4.151.48 , 2.993.07 , 2.313.41 , 5.732.62 , 2.264.63 , 5.334.19 , 7.442.95 , 5.503.94 , 5.312.11 , 4.943.11 , 5.984.95 , 6.404.80 , 3.871.46 , 5.082.84 ,5.72,1.00
8.30, 14.007.02 , 4.873.06 , 4.458.14 , 18.598.84 , 12.359.28 , 11.918.00 , 11.032.87 , 4.742.64 , 2.722.72 , 6.693.73 , 8.474.27 , 7.594.83 , 8.1934.80 , 31.695.44 , 11.0910.29 , 10.0413.82 , 23.858.41 , 3.215.44 , 3.983.18 , 3.754.07 , 4.631.87 , 4.661.15 , 4.451.82 , 5.673.53 , 2.461.92 , 6.431.59 , 7.652.38 , 4.033.59 , 7.992.89 , 4.302.57 , 4.475.07 , 4.952.35 , 9.422.71 , 4.824.51 , 11.953.01 , 4.764.19 , 4.651.05 , 5.902.70 , 5.963.02 , 5.071.21 , 5.442.83 , 6.642.45 , 4.513.62 , 4.311.80 , 4.922.61 , 3.293.65 , 6.631.82 , 4.761.67 , 6.783.46 , 5.971.46 , 5.701.20 , 3.501.73 , 2.222.51 , 6.821.07 , 2.521.28 , 4.573.35 , 7.154.48 , 5.672.24 , 3.993.13 , 4.454.86 , 7.404.73 , 3.212.54 , 3.421.59 , 4.673.68 , 6.454.29 , 3.552.20 ,5.14,1.00
12.80, 31.307.72 , 2.994.57 , 6.873.73 , 26.664.66 , 11.168.99 , 8.275.40 , 8.392.22 , 9.654.03 , 4.434.95 , 6.222.72 , 5.541.53 , 4.8861.13 , 7.1016.94 , 22.815.93 , 2.9811.46 , 1.8350.75 , 17.963.71 , 6.604.67 , 11.712.46 , 4.044.65 , 6.580.77 , 5.712.99 , 6.441.37 , 4.002.28 , 8.964.73 , 7.474.81 , 4.332.60 , 4.842.33 , 4.240.80 , 2.012.39 , 4.464.87 , 4.602.31 , 6.183.89 , 7.222.71 , 2.681.94 , 4.692.76 , 5.114.05 , 6.372.57 , 4.421.50 , 3.991.02 , 5.415.24 , 7.641.30 , 6.213.55 , 3.572.21 , 3.982.60 , 4.850.51 , 4.163.18 , 8.054.03 , 7.151.85 , 1.815.66 , 4.242.35 , 3.811.26 , 5.773.35 , 3.431.58 , 4.594.73 , 5.242.45 , 4.944.17 , 4.493.28 , 4.094.96 , 1.942.30 , 4.282.17 , 6.572.83 , 3.022.93 , 4.363.65 , 4.764.22 , 3.903.10 ,1.58,1.00
14.15, 12.107.06 , 9.8017.84 , 20.508.53 , 9.715.69 , 11.6811.21 , 11.425.52 , 11.311.81 , 6.184.21 , 1.3817.24 , 22.7466.27 , 47.017.28 , 9.3618.28 , 7.234.74 , 2.308.27 , 6.404.11 , 4.402.47 , 4.527.50 , 8.625.26 , 8.794.07 , 2.706.21 , 2.732.95 , 4.914.70 , 7.901.98 , 4.832.22 , 2.920.92 , 7.723.85 , 5.023.16 , 2.872.46 , 5.344.02 , 6.244.39 , 5.044.28 , 2.692.46 , 5.954.12 , 3.651.33 , 7.970.74 , 4.713.71 , 5.773.70 , 2.864.18 , 3.542.84 , 3.522.68 , 6.544.05 , 4.583.22 , 3.491.79 , 7.123.30 , 5.042.03 , 3.650.85 , 5.291.58 , 3.013.14 , 7.464.81 , 7.753.24 , 6.714.68 , 2.311.63 , 3.692.58 , 3.742.12 , 8.643.06 , 8.042.84 , 4.451.41 , 6.164.27 , 4.922.98 , 6.283.54 , 6.201.83 , 6.572.76 , 2.633.33 , 6.591.71 , 3.291.61 , 5.814.38 ,2.70,1.00
13.65, 17.454.98 , 13.024.03 , 6.275.39 , 3.364.17 , 3.800.88 , 4.481.83 , 5.753.90 , 2.813.80 , 6.603.79 , 8.121.66 , 5.722.92 , 3.1715.21 , 18.883.84 , 3.663.02 , 3.265.47 , 5.933.43 , 5.323.92 , 4.731.73 , 3.832.59 , 6.683.54 , 6.112.14 , 7.095.50 , 6.852.11 , 3.971.01 , 4.062.94 , 5.180.81 , 4.523.90 , 5.233.18 , 3.592.43 , 4.101.68 , 6.014.58 , 4.551.18 , 5.211.89 , 4.172.66 , 6.372.83 , 3.931.95 , 3.342.75 , 6.241.31 , 4.453.51 , 6.552.58 , 3.452.71 , 5.662.65 , 5.602.07 , 4.802.56 , 3.252.95 , 5.690.54 , 4.733.26 , 5.452.51 , 3.923.53 , 5.643.07 , 3.921.19 , 6.941.78 , 3.953.65 , 6.921.71 , 3.671.19 , 5.853.88 , 3.683.89 , 3.031.69 , 3.270.83 , 4.393.89 , 4.603.23 , 7.711.53 , 4.582.28 , 6.023.98 , 4.572.13 , 4.723.02 ,6.27,2.00
7.15, 18.877.12 , 6.204.58 , 7.042.51 , 5.602.84 , 2.002.94 , 4.682.94 , 3.765.17 , 2.820.85 , 4.323.73 , 5.330.51 , 6.865.55 , 28.595.82 , 7.371.31 , 1.686.55 , 5.673.85 , 7.442.15 , 2.042.64 , 4.783.33 , 3.843.22 , 5.533.22 , 6.003.15 , 4.331.92 , 6.913.23 , 4.613.80 , 3.842.24 , 3.372.62 , 2.546.76 , 2.382.60 , 2.623.53 , 6.482.48 , 6.071.18 , 7.192.05 , 5.421.88 , 7.491.63 , 4.623.10 , 4.573.99 , 2.652.29 , 3.403.75 , 5.171.92 , 3.862.99 , 4.730.78 , 7.361.49 , 6.763.35 , 2.781.63 , 4.753.62 , 1.554.31 , 5.163.68 , 5.342.40 , 3.531.86 , 2.592.81 , 5.681.42 , 3.351.00 , 4.831.03 , 3.950.84 , 3.922.49 , 3.142.26 , 4.994.48 , 4.452.59 , 5.822.04 , 3.752.17 , 4.202.13 , 3.343.26 , 2.941.00 , 5.082.80 , 4.425.01 , 4.633.85 ,3.84,2.00
3.75, 22.014.08 , 6.195.02 , 8.364.16 , 7.491.20 , 5.072.46 , 8.244.28 , 7.860.71 , 19.675.24 , 5.982.97 , 5.801.77 , 5.433.95 , 3.472.16 , 7.594.45 , 5.540.43 , 2.703.24 , 6.294.63 , 5.883.55 , 8.272.19 , 3.883.04 , 4.982.20 , 5.893.14 , 3.552.09 , 6.252.78 , 4.872.93 , 4.242.24 , 4.120.97 , 5.481.61 , 5.062.38 , 5.201.21 , 2.573.41 , 4.972.77 , 6.402.29 , 5.501.82 , 4.622.79 , 2.863.26 , 3.432.35 , 3.573.28 , 3.933.46 , 6.172.03 , 5.403.54 , 4.903.37 , 4.192.16 , 2.541.46 , 6.574.06 , 6.081.17 , 5.294.83 , 3.562.99 , 4.423.12 , 6.061.17 , 5.522.32 , 2.841.16 , 4.692.05 , 6.515.57 , 6.383.38 , 7.102.77 , 5.172.49 , 5.470.98 , 4.273.41 , 2.672.31 , 5.872.15 , 5.571.17 , 6.301.71 , 3.233.13 , 4.042.61 , 5.291.67 , 5.972.52 ,3.73,2.00
13.92, 3.625.20 , 10.996.59 , 8.932.63 , 7.862.28 , 5.882.39 , 2.4327.74 , 9.944.31 , 2.584.43 , 3.602.34 , 6.742.47 , 4.214.56 , 3.991.39 , 6.193.49 , 7.694.38 , 5.842.74 , 4.355.13 , 2.943.32 , 5.043.49 , 5.771.17 , 3.882.40 , 4.223.70 , 3.632.56 , 6.671.79 , 1.562.69 , 2.662.21 , 3.692.04 , 3.826.02 , 5.822.35 , 4.862.24 , 7.041.86 , 3.433.66 , 8.728.04 , 6.203.28 , 2.533.64 , 3.701.05 , 6.523.56 , 4.573.59 , 5.244.15 , 5.731.19 , 2.664.85 , 4.282.00 , 6.353.54 , 6.613.76 , 4.063.22 , 5.501.51 , 5.264.14 , 6.191.58 , 3.910.58 , 4.931.07 , 4.852.44 , 5.841.80 , 4.353.58 , 4.842.41 , 5.141.88 , 5.161.39 , 4.271.30 , 3.702.25 , 4.703.55 , 5.554.93 , 4.064.21 , 4.402.68 , 4.531.76 , 3.011.88 , 4.623.20 , 4.993.45 , 2.112.71 ,4.22,2.00
14.45, 14.425.52 , 7.095.22 , 7.494.73 , 7.563.97 , 7.134.08 , 5.288.04 , 15.666.40 , 10.842.89 , 7.134.08 , 2.762.43 , 5.472.15 , 6.063.42 , 4.310.83 , 3.632.84 , 6.471.51 , 7.673.38 , 2.282.97 , 5.793.15 , 5.274.68 , 4.522.15 , 4.342.74 , 3.171.54 , 5.282.11 , 3.501.22 , 4.423.03 , 5.364.57 , 6.092.52 , 5.815.08 , 3.112.12 , 5.582.84 , 3.614.63 , 3.542.96 , 3.771.90 , 4.243.52 , 6.491.75 , 6.034.73 , 4.863.32 , 4.042.63 , 4.783.17 , 3.042.33 , 5.351.74 , 6.121.85 , 7.434.05 , 2.973.61 , 8.592.13 , 5.312.95 , 5.671.28 , 3.352.46 , 2.503.90 , 3.612.49 , 4.131.77 , 2.060.87 , 3.524.80 , 5.004.06 , 6.772.25 , 3.561.87 , 4.384.04 , 4.833.05 , 4.294.54 , 3.203.21 , 2.752.06 , 4.793.25 , 6.181.64 , 5.333.33 , 5.992.61 , 3.933.22 ,6.56,2.00
7.25, 12.882.05 , 5.215.89 , 9.745.77 , 6.832.61 , 3.931.28 , 3.124.32 , 5.382.26 , 29.274.91 , 6.525.86 , 7.423.13 , 4.601.55 , 2.521.08 , 4.103.30 , 3.493.92 , 2.563.09 , 6.483.61 , 6.912.08 , 6.485.80 , 3.041.66 , 4.932.54 , 5.134.92 , 4.783.23 , 3.833.42 , 4.584.18 , 6.712.17 , 4.432.62 , 5.881.74 , 4.413.14 , 6.522.14 , 6.863.24 , 5.721.79 , 7.533.53 , 3.121.25 , 5.412.99 , 5.903.04 , 3.832.22 , 2.683.69 , 3.870.99 , 4.712.00 , 4.220.90 , 1.931.65 , 5.421.44 , 5.533.08 , 6.220.78 , 6.242.49 , 6.331.11 , 5.903.07 , 4.972.73 , 3.102.06 , 6.011.61 , 5.672.54 , 4.532.71 , 6.492.06 , 5.002.19 , 4.770.45 , 3.783.71 , 6.452.25 , 5.992.45 , 6.475.13 , 4.804.57 , 5.442.65 , 5.071.46 , 3.802.84 , 5.042.36 , 7.871.92 , 6.753.73 ,2.39,2.00
7.83, 12.615.72 , 3.361.22 , 4.275.51 , 1.495.05 , 5.471.43 , 7.567.10 , 3.613.05 , 3.283.25 , 4.573.64 , 4.192.01 , 1.733.89 , 8.663.79 , 8.641.54 , 3.591.19 , 4.793.27 , 3.852.39 , 5.900.49 , 7.602.00 , 4.311.40 , 8.312.01 , 7.230.79 , 2.782.30 , 4.123.13 , 4.851.88 , 2.952.91 , 5.452.92 , 4.954.14 , 3.126.01 , 4.382.26 , 6.371.79 , 2.594.37 , 1.822.61 , 3.304.39 , 8.351.57 , 4.813.56 , 2.801.99 , 6.443.50 , 6.112.01 , 6.842.65 , 5.240.53 , 4.632.10 , 4.523.58 , 4.531.76 , 3.492.13 , 4.644.96 , 5.191.57 , 3.894.63 , 5.821.94 , 1.771.79 , 4.962.58 , 6.042.65 , 5.912.16 , 3.920.87 , 2.582.67 , 3.443.09 , 2.952.80 , 6.981.28 , 6.450.69 , 6.213.08 , 4.642.52 , 4.241.57 , 3.971.20 , 5.941.81 , 4.393.15 , 4.361.72 , 3.452.13 ,6.61,2.00
1.08, 35.9812.17 , 18.536.89 , 10.868.16 , 11.614.12 , 9.211.39 , 8.042.82 , 6.432.87 , 5.102.52 , 2.935.76 , 14.169.31 , 4.812.19 , 3.333.26 , 1.081.21 , 3.772.75 , 5.913.12 , 5.162.03 , 6.611.54 , 6.693.32 , 5.842.00 , 2.404.36 , 4.291.33 , 6.562.07 , 7.153.22 , 5.382.43 , 7.753.69 , 3.858.06 , 3.814.63 , 4.133.28 , 4.214.16 , 8.851.90 , 6.371.62 , 4.923.07 , 4.401.39 , 3.615.16 , 6.702.95 , 3.562.30 , 6.522.07 , 4.901.72 , 3.173.25 , 2.443.14 , 3.832.46 , 4.632.37 , 5.033.99 , 3.682.01 , 4.963.79 , 4.793.20 , 2.032.03 , 3.871.74 , 4.233.68 , 4.812.52 , 5.472.34 , 2.803.79 , 4.532.53 , 3.933.15 , 4.442.41 , 5.863.62 , 7.462.30 , 3.390.83 , 5.382.35 , 5.992.70 , 1.594.01 , 4.693.10 , 4.763.49 , 5.042.16 , 7.372.76 , 4.201.70 ,5.11,2.00
13.73, 7.3323.87 , 14.1814.02 , 16.289.86 , 13.043.48 , 7.2613.08 , 16.425.84 , 9.301.67 , 3.359.46 , 3.115.19 , 3.2416.00 , 13.169.46 , 3.833.23 , 5.347.18 , 9.953.88 , 14.804.43 , 9.076.86 , 4.625.30 , 7.476.64 , 7.434.00 , 1.015.03 , 5.881.76 , 8.507.06 , 9.971.59 , 4.143.37 , 4.542.68 , 2.762.01 , 2.381.47 , 4.863.71 , 6.093.16 , 8.502.24 , 9.930.31 , 6.675.08 , 1.292.41 , 5.602.02 , 5.551.98 , 4.412.06 , 4.622.98 , 5.071.88 , 4.671.80 , 3.823.59 , 3.054.60 , 4.383.42 , 7.240.48 , 3.163.63 , 5.833.13 , 7.664.86 , 5.303.13 , 5.831.60 , 7.553.42 , 4.761.98 , 4.425.24 , 4.034.40 , 6.502.96 , 7.821.43 , 2.174.03 , 4.572.71 , 4.634.62 , 6.390.77 , 5.335.57 , 5.960.74 , 4.343.35 , 6.933.15 , 5.721.79 , 4.733.22 , 8.072.38 , 5.462.69 ,3.80,2.00
8.91, 12.6410.96 , 12.445.04 , 5.377.51 , 9.342.62 , 3.773.03 , 2.193.27 , 2.153.35 , 7.850.68 , 3.4321.75 , 9.2312.46 , 10.062.79 , 5.424.24 , 4.122.46 , 3.514.33 , 7.953.35 , 3.163.71 , 3.702.88 , 3.603.44 , 3.254.10 , 4.771.22 , 3.673.71 , 6.074.32 , 4.713.50 , 4.842.69 , 4.032.92 , 5.073.29 , 6.244.54 , 4.502.61 , 7.694.54 , 3.982.66 , 6.712.65 , 3.662.85 , 5.825.19 , 4.045.37 , 4.961.64 , 4.761.75 , 3.562.41 , 2.976.24 , 5.905.76 , 5.892.66 , 3.762.78 , 3.721.08 , 2.561.72 , 4.533.28 , 4.112.52 , 3.614.31 , 6.102.57 , 7.091.34 , 3.772.73 , 7.872.41 , 4.863.89 , 2.562.67 , 3.522.46 , 3.732.70 , 4.782.92 , 8.262.67 , 3.493.49 , 4.681.05 , 6.153.75 , 5.711.60 , 3.761.56 , 4.081.55 , 1.253.76 , 2.910.32 , 6.761.33 , 6.302.52 ,6.15,2.00
16.04, 28.4112.81 , 6.171.61 , 3.354.96 , 5.393.61 , 8.424.80 , 3.983.34 , 6.625.52 , 7.471.34 , 4.531.10 , 3.207.04 , 10.855.81 , 5.902.95 , 3.593.83 , 1.891.97 , 8.201.57 , 8.502.90 , 2.022.94 , 3.271.74 , 2.380.37 , 6.401.30 , 4.692.65 , 5.442.50 , 3.831.78 , 4.892.60 , 3.611.50 , 4.404.35 , 4.734.93 , 5.421.29 , 5.410.78 , 2.942.10 , 7.391.83 , 2.403.29 , 5.751.26 , 6.183.25 , 3.931.37 , 7.252.07 , 4.032.06 , 5.781.28 , 4.460.64 , 5.131.81 , 5.511.04 , 5.381.82 , 3.872.79 , 5.734.17 , 4.532.86 , 4.874.75 , 1.852.77 , 4.053.09 , 1.833.31 , 5.161.41 , 3.461.39 , 3.540.59 , 8.541.51 , 5.761.92 , 5.683.11 , 4.851.21 , 5.222.06 , 5.522.25 , 3.690.78 , 4.542.24 , 5.113.99 , 2.542.08 , 4.682.53 , 10.631.62 , 4.492.16 , 6.162.15 ,5.59,2.00
7.97, 17.115.34 , 13.273.61 , 6.274.58 , 7.953.17 , 6.593.73 , 7.324.31 , 4.112.13 , 3.383.51 , 4.756.60 , 14.295.18 , 10.721.28 , 3.425.48 , 3.016.12 , 2.782.02 , 7.133.82 , 6.243.57 , 3.535.42 , 6.224.32 , 7.494.44 , 2.201.68 , 4.094.51 , 6.732.81 , 4.331.16 , 4.801.59 , 4.633.41 , 3.303.41 , 3.213.03 , 6.914.29 , 4.714.17 , 3.381.37 , 6.642.74 , 1.656.12 , 6.052.19 , 3.650.87 , 3.702.87 , 4.193.01 , 1.101.30 , 6.266.23 , 4.551.37 , 4.604.98 , 6.142.56 , 3.154.20 , 6.015.59 , 6.481.41 , 5.442.01 , 4.553.43 , 5.531.00 , 4.041.69 , 6.542.31 , 7.893.11 , 6.052.20 , 3.631.41 , 3.541.73 , 4.751.46 , 2.482.40 , 6.143.74 , 8.701.37 , 6.552.54 , 4.612.76 , 5.024.17 , 3.342.46 , 3.012.97 , 4.463.25 , 4.222.36 , 6.834.32 , 5.143.12 ,4.08,2.00
3.44, 18.273.71 , 4.752.26 , 4.066.41 , 7.812.78 , 5.344.70 , 6.411.58 , 6.733.87 , 7.612.08 , 5.082.73 , 5.742.70 , 3.622.46 , 3.768.68 , 5.593.78 , 5.326.49 , 4.716.61 , 4.662.91 , 5.702.27 , 8.751.27 , 3.033.47 , 5.501.24 , 4.491.53 , 7.392.66 , 3.773.39 , 7.502.19 , 5.851.71 , 5.294.94 , 2.812.69 , 5.316.12 , 6.273.05 , 6.042.30 , 4.851.16 , 5.730.78 , 3.231.79 , 5.772.24 , 5.000.67 , 4.791.92 , 4.712.36 , 4.333.92 , 2.402.57 , 5.012.88 , 4.273.28 , 2.403.96 , 3.881.84 , 4.092.41 , 4.084.39 , 4.953.28 , 2.895.19 , 4.396.48 , 2.591.70 , 2.911.24 , 4.002.26 , 4.052.60 , 5.291.81 , 5.580.52 , 6.291.85 , 2.493.21 , 6.093.25 , 3.482.96 , 4.030.26 , 4.073.02 , 4.312.19 , 7.041.37 , 5.181.17 , 4.651.82 , 4.732.94 , 1.914.20 ,4.38,2.00
3.24, 19.3527.05 , 13.667.90 , 6.117.26 , 9.022.04 , 8.581.47 , 4.381.04 , 4.012.12 , 3.272.56 , 6.432.85 , 3.355.97 , 7.133.82 , 7.362.42 , 5.4420.26 , 4.2110.51 , 8.653.13 , 6.072.09 , 3.961.47 , 3.532.96 , 7.532.30 , 6.712.39 , 3.933.13 , 4.413.52 , 5.394.13 , 3.603.75 , 4.801.71 , 3.346.32 , 7.270.24 , 4.584.50 , 3.301.81 , 2.982.13 , 6.570.58 , 3.030.45 , 4.672.09 , 5.142.76 , 3.172.20 , 3.822.35 , 3.713.96 , 6.632.01 , 5.801.56 , 6.082.89 , 2.954.43 , 3.132.09 , 4.462.70 , 3.572.58 , 4.484.80 , 9.026.88 , 6.663.90 , 4.012.62 , 7.253.69 , 5.761.98 , 6.454.06 , 9.191.14 , 5.374.77 , 6.413.21 , 4.903.35 , 7.002.86 , 5.592.21 , 2.142.50 , 3.872.58 , 5.633.60 , 5.471.02 , 6.051.07 , 5.992.28 , 2.744.27 , 0.972.31 , 7.982.59 ,5.43,2.00
13.62, 13.022.20 , 0.973.23 , 7.254.12 , 4.646.58 , 6.304.27 , 9.406.64 , 11.785.44 , 6.082.66 , 4.033.23 , 3.9424.21 , 17.2811.25 , 9.803.22 , 5.922.98 , 4.361.83 , 4.325.45 , 3.100.66 , 3.882.98 , 7.804.03 , 6.001.76 , 6.614.69 , 4.302.23 , 4.892.35 , 6.102.81 , 7.481.22 , 3.951.64 , 3.081.62 , 5.542.53 , 4.552.48 , 3.583.34 , 6.182.71 , 7.206.40 , 2.233.03 , 3.883.22 , 4.382.62 , 4.162.78 , 6.921.43 , 4.083.44 , 4.353.82 , 4.390.83 , 4.865.15 , 4.931.07 , 6.193.49 , 2.993.69 , 2.292.56 , 6.981.32 , 7.282.65 , 3.273.92 , 5.683.36 , 3.542.55 , 3.421.50 , 4.363.17 , 4.502.70 , 4.541.52 , 3.432.48 , 4.183.30 , 4.012.92 , 3.520.73 , 5.320.89 , 4.002.78 , 4.723.71 , 7.873.75 , 5.971.88 , 3.662.67 , 4.072.00 , 4.943.39 , 3.931.23 ,2.81,2.00
12.06, 15.592.63 , 5.126.19 , 3.586.33 , 6.3326.80 , 12.856.23 , 7.214.46 , 6.237.89 , 9.0612.54 , 9.167.39 , 6.862.68 , 5.433.95 , 8.474.98 , 6.981.65 , 3.803.56 , 7.124.20 , 6.852.67 , 8.165.37 , 5.362.06 , 7.8815.96 , 12.224.49 , 4.106.89 , 2.2153.57 , 56.657.20 , 2.245.35 , 4.226.04 , 3.312.55 , 4.272.89 , 5.242.63 , 3.112.51 , 4.571.14 , 6.543.79 , 6.451.91 , 5.713.57 , 3.205.52 , 6.693.23 , 3.831.03 , 4.704.04 , 5.530.99 , 5.963.23 , 6.872.70 , 2.854.27 , 5.132.09 , 5.602.05 , 7.312.29 , 3.121.78 , 1.933.26 , 6.733.67 , 7.811.58 , 4.683.40 , 5.362.25 , 5.773.73 , 6.880.95 , 5.373.33 , 7.291.33 , 6.674.04 , 7.534.50 , 2.680.79 , 5.133.10 , 8.022.64 , 5.674.50 , 6.421.89 , 4.172.54 , 4.253.57 , 5.461.19 , 5.490.95 , 5.801.29 ,6.31,2.00
10.95, 25.463.81 , 8.4823.74 , 47.7115.57 , 14.485.69 , 3.224.16 , 7.052.78 , 6.255.74 , 3.547.91 , 3.653.21 , 10.2116.79 , 16.913.17 , 14.884.38 , 1.982.71 , 3.563.13 , 5.501.34 , 3.832.52 , 6.9535.69 , 8.113.18 , 5.133.84 , 2.196.39 , 5.6948.98 , 14.403.63 , 3.305.28 , 4.252.24 , 2.613.25 , 3.921.84 , 6.744.33 , 3.413.37 , 3.422.00 , 9.475.71 , 7.733.39 , 5.064.07 , 1.103.02 , 2.861.79 , 5.270.52 , 7.082.13 , 3.083.13 , 6.956.14 , 5.871.23 , 3.394.42 , 2.961.04 , 4.810.90 , 5.092.82 , 4.160.92 , 5.852.65 , 4.652.81 , 3.760.54 , 4.072.96 , 5.813.32 , 5.652.89 , 1.912.76 , 5.991.66 , 6.063.22 , 6.661.76 , 4.081.24 , 3.732.91 , 6.964.92 , 5.293.70 , 4.963.00 , 4.762.69 , 5.502.94 , 5.681.93 , 2.481.93 , 1.603.23 , 3.372.91 , 6.322.73 ,5.65,2.00
1.61, 19.7130.56 , 7.635.11 , 3.115.59 , 7.013.60 , 6.041.42 , 5.802.51 , 5.305.57 , 5.271.46 , 3.913.53 , 6.032.13 , 5.094.24 , 8.062.22 , 5.584.50 , 8.023.91 , 7.275.22 , 5.172.77 , 5.512.69 , 4.855.80 , 6.5410.74 , 33.127.38 , 3.829.39 , 47.246.89 , 5.452.04 , 5.912.54 , 5.831.06 , 6.025.62 , 2.013.39 , 5.291.33 , 4.632.23 , 4.442.16 , 3.990.69 , 4.824.56 , 7.303.25 , 4.092.10 , 3.962.88 , 5.991.71 , 4.292.28 , 3.121.13 , 4.092.57 , 2.423.61 , 5.222.60 , 6.491.62 , 5.543.59 , 2.982.01 , 5.201.54 , 5.772.83 , 1.202.94 , 5.302.30 , 5.184.11 , 5.814.36 , 6.753.18 , 8.593.58 , 1.613.94 , 5.423.83 , 5.533.52 , 9.022.56 , 6.124.00 , 4.094.69 , 5.903.26 , 4.251.85 , 4.403.27 , 4.873.95 , 6.463.03 , 5.303.50 , 2.851.91 , 4.562.90 ,5.91,2.00
8.95, 13.413.14 , 5.801.97 , 2.703.52 , 5.591.65 , 4.4913.37 , 4.921.72 , 2.185.60 , 7.895.66 , 9.982.85 , 5.542.92 , 3.892.42 , 5.232.76 , 7.783.76 , 4.7110.33 , 6.4436.73 , 51.946.34 , 8.792.68 , 3.392.73 , 3.894.80 , 10.433.47 , 7.801.47 , 6.156.95 , 7.155.65 , 10.634.15 , 7.482.15 , 4.6019.12 , 14.3154.03 , 14.286.37 , 7.102.08 , 3.922.57 , 2.944.57 , 2.173.80 , 4.605.80 , 7.423.30 , 1.991.63 , 6.722.95 , 3.582.07 , 4.691.66 , 3.551.59 , 4.311.89 , 4.832.84 , 2.812.20 , 5.202.59 , 7.141.49 , 6.561.76 , 4.481.24 , 7.423.40 , 5.501.96 , 4.952.17 , 5.282.56 , 2.562.28 , 4.831.05 , 5.430.80 , 5.644.30 , 4.382.88 , 4.121.91 , 6.705.08 , 2.852.31 , 5.851.47 , 3.432.21 , 6.102.19 , 5.923.96 , 5.523.99 , 5.291.07 , 2.752.58 , 6.612.61 ,3.35,2.00
11.92, 20.904.71 , 11.560.95 , 8.253.28 , 4.974.86 , 7.665.31 , 8.461.04 , 6.4510.75 , 11.334.29 , 7.753.65 , 9.486.11 , 6.942.49 , 7.965.42 , 7.464.31 , 5.221.29 , 3.523.14 , 3.886.68 , 29.1418.28 , 8.484.99 , 3.644.32 , 1.9124.61 , 10.654.70 , 5.441.11 , 7.090.95 , 2.593.92 , 8.442.86 , 6.402.71 , 2.534.88 , 2.964.20 , 6.154.58 , 4.240.97 , 5.293.26 , 4.722.66 , 4.381.48 , 2.885.08 , 5.192.12 , 5.063.74 , 6.611.35 , 5.934.02 , 7.221.37 , 3.662.43 , 6.302.00 , 5.033.83 , 4.881.40 , 5.943.33 , 6.193.64 , 5.854.43 , 2.494.67 , 4.841.79 , 4.922.30 , 4.590.99 , 5.002.55 , 5.342.88 , 5.852.52 , 3.364.84 , 5.122.58 , 4.635.93 , 5.483.61 , 9.381.63 , 3.802.15 , 5.852.35 , 2.322.83 , 5.842.04 , 10.061.78 , 6.253.32 , 4.972.91 , 5.184.34 ,3.52,2.00
40.55, 7.434.75 , 6.944.11 , 6.685.87 , 9.544.85 , 6.273.13 , 3.452.63 , 13.7932.70 , 14.9012.09 , 7.002.02 , 7.293.44 , 9.576.20 , 9.341.27 , 2.621.14 , 5.023.85 , 3.971.92 , 7.977.18 , 6.761.27 , 6.164.62 , 6.712.86 , 2.977.69 , 4.440.97 , 3.0818.46 , 31.3625.02 , 10.411.07 , 5.711.74 , 3.544.45 , 1.155.04 , 3.560.89 , 5.144.05 , 5.086.62 , 6.812.63 , 3.334.20 , 4.350.39 , 4.633.61 , 5.234.76 , 6.722.15 , 6.130.71 , 3.961.34 , 4.183.37 , 4.043.58 , 3.752.40 , 4.184.77 , 6.350.70 , 1.984.54 , 4.531.19 , 6.112.78 , 4.854.74 , 3.712.32 , 8.293.89 , 3.332.30 , 5.892.06 , 6.041.14 , 5.934.34 , 4.113.02 , 3.502.15 , 4.942.11 , 4.472.14 , 2.681.96 , 3.421.78 , 4.742.43 , 5.932.47 , 6.123.86 , 6.592.81 , 3.841.62 , 4.181.43 , 6.413.29 ,3.09,2.00
27.06, 12.867.96 , 6.673.97 , 5.851.72 , 5.433.21 , 7.272.65 , 7.163.76 , 5.062.56 , 3.924.13 , 9.082.30 , 5.104.86 , 10.813.44 , 4.625.00 , 5.186.36 , 3.802.89 , 3.591.43 , 3.863.79 , 7.7515.64 , 12.983.24 , 5.553.39 , 2.641.62 , 1.693.89 , 3.114.54 , 9.842.60 , 8.811.50 , 3.653.36 , 4.104.61 , 5.202.64 , 4.442.77 , 2.814.36 , 5.342.54 , 6.624.29 , 6.471.79 , 6.982.25 , 7.211.79 , 4.561.98 , 5.023.14 , 5.952.62 , 4.421.73 , 2.325.94 , 3.382.61 , 6.072.54 , 4.512.90 , 4.543.21 , 2.632.46 , 5.154.51 , 3.292.89 , 3.562.04 , 4.081.79 , 7.411.06 , 4.292.80 , 7.442.26 , 4.443.47 , 4.721.95 , 3.954.40 , 5.032.22 , 7.341.80 , 4.171.72 , 2.991.42 , 4.972.32 , 6.551.08 , 7.244.26 , 3.743.22 , 3.682.06 , 8.621.13 , 4.771.78 , 6.383.05 ,3.89,2.00
3.63, 18.5937.46 , 18.130.79 , 6.943.40 , 3.465.42 , 4.895.99 , 6.293.08 , 3.994.75 , 7.075.69 , 6.484.16 , 8.443.63 , 7.481.50 , 19.7517.84 , 5.498.98 , 5.301.47 , 3.313.32 , 3.074.55 , 23.3511.88 , 7.215.54 , 4.341.19 , 1.362.34 , 3.323.17 , 3.341.60 , 4.132.93 , 7.742.59 , 6.562.56 , 5.964.12 , 3.252.15 , 5.481.67 , 2.804.62 , 5.012.17 , 5.473.00 , 6.212.50 , 2.832.29 , 4.212.40 , 7.441.91 , 6.903.52 , 3.573.44 , 4.423.30 , 5.020.85 , 5.683.56 , 4.931.92 , 5.512.02 , 3.743.09 , 5.264.25 , 3.882.83 , 5.043.01 , 5.992.57 , 7.983.79 , 4.333.18 , 3.162.38 , 4.672.10 , 2.941.38 , 7.561.69 , 4.062.44 , 5.353.59 , 4.722.86 , 5.652.41 , 6.512.03 , 6.433.67 , 6.051.26 , 4.171.64 , 3.121.63 , 2.582.45 , 7.532.27 , 3.943.60 , 4.841.72 ,3.85,2.00
6.16, 12.9711.54 , 4.394.12 , 4.7310.33 , 18.8134.12 , 16.649.76 , 4.304.54 , 4.023.20 , 6.265.20 , 1.935.64 , 1.6910.84 , 9.4711.03 , 13.513.90 , 1.536.31 , 1.494.11 , 1.493.95 , 7.074.17 , 5.063.71 , 6.345.61 , 9.702.19 , 5.716.07 , 2.057.91 , 21.857.39 , 7.921.49 , 5.162.24 , 4.782.00 , 6.862.92 , 5.3930.42 , 11.728.42 , 7.202.53 , 6.726.55 , 5.602.20 , 4.291.17 , 5.671.51 , 3.561.61 , 3.312.52 , 3.522.69 , 7.753.06 , 7.685.30 , 6.202.49 , 4.641.15 , 2.371.93 , 4.634.53 , 3.722.11 , 4.541.28 , 4.344.52 , 4.962.88 , 4.312.16 , 4.561.02 , 4.512.49 , 2.391.38 , 8.712.23 , 5.282.19 , 4.112.08 , 4.734.04 , 4.452.07 , 6.002.60 , 4.112.06 , 4.083.48 , 1.981.43 , 1.832.90 , 2.701.80 , 6.081.93 , 7.942.33 , 5.902.25 , 4.814.27 , 5.274.32 ,5.91,2.00
27.51, 27.897.64 , 6.351.30 , 5.285.69 , 5.403.68 , 2.561.38 , 5.193.96 , 8.775.06 , 7.252.39 , 5.103.85 , 7.206.93 , 9.711.94 , 8.742.67 , 6.455.89 , 7.516.47 , 8.563.81 , 4.653.78 , 2.9416.65 , 7.054.84 , 4.363.20 , 2.2834.35 , 41.047.64 , 1.322.52 , 5.424.03 , 3.113.36 , 6.523.62 , 5.440.85 , 7.962.42 , 3.693.36 , 2.551.69 , 5.822.67 , 5.311.00 , 3.904.35 , 4.832.35 , 4.883.54 , 3.612.32 , 4.301.76 , 4.483.57 , 1.992.42 , 4.934.51 , 6.272.96 , 4.163.10 , 5.902.26 , 5.942.52 , 5.832.28 , 6.673.56 , 8.203.69 , 3.613.55 , 6.462.35 , 4.141.91 , 2.813.83 , 6.060.74 , 5.302.73 , 2.162.83 , 5.424.14 , 4.902.30 , 3.912.59 , 6.583.44 , 3.052.36 , 6.562.63 , 3.013.29 , 4.962.92 , 2.981.47 , 3.314.34 , 3.171.47 , 6.742.26 , 4.571.68 ,5.26,2.00
6.57, 13.222.71 , 3.513.74 , 2.383.88 , 3.804.04 , 6.784.36 , 9.062.27 , 4.814.72 , 5.722.93 , 7.295.23 , 8.282.62 , 7.090.28 , 6.782.37 , 5.252.57 , 6.095.10 , 3.894.42 , 7.285.36 , 34.314.38 , 4.1936.66 , 20.369.61 , 4.233.96 , 6.601.36 , 1.741.65 , 2.083.83 , 3.424.07 , 6.183.91 , 4.412.07 , 3.002.43 , 5.761.63 , 7.142.74 , 5.723.26 , 7.222.25 , 7.352.36 , 5.061.62 , 1.993.15 , 4.763.63 , 6.551.83 , 2.182.73 , 3.061.78 , 5.533.28 , 6.511.48 , 6.441.84 , 4.293.96 , 3.852.21 , 5.501.33 , 3.213.49 , 6.211.20 , 7.002.37 , 0.940.68 , 4.812.80 , 5.372.72 , 2.423.36 , 3.291.32 , 6.445.03 , 5.250.76 , 4.782.93 , 5.960.89 , 6.031.28 , 5.384.33 , 7.582.44 , 3.680.94 , 4.953.36 , 5.757.26 , 4.801.09 , 4.824.96 , 4.441.63 , 5.493.18 ,5.66,2.00
35.20, 46.203.34 , 10.016.53 , 5.083.37 , 3.345.50 , 0.304.17 , 6.404.04 , 5.501.99 , 2.562.34 , 5.641.78 , 6.122.01 , 4.901.06 , 3.072.12 , 6.682.15 , 7.501.94 , 5.722.57 , 6.111.93 , 7.643.90 , 3.642.53 , 5.513.05 , 3.652.75 , 4.922.34 , 5.071.36 , 2.201.87 , 7.851.55 , 7.121.81 , 6.331.78 , 3.803.48 , 4.252.44 , 4.391.42 , 4.270.86 , 0.932.18 , 4.533.64 , 7.442.32 , 2.632.38 , 4.092.56 , 3.993.36 , 6.632.90 , 4.095.64 , 5.022.67 , 3.202.02 , 6.882.45 , 4.300.99 , 6.214.26 , 4.352.99 , 3.932.28 , 4.973.11 , 3.720.93 , 3.592.36 , 4.983.23 , 2.525.34 , 3.633.10 , 3.732.52 , 6.514.50 , 3.881.67 , 6.302.77 , 4.053.32 , 4.103.67 , 6.125.13 , 4.452.42 , 5.492.95 , 5.881.06 , 4.973.16 , 6.893.40 , 3.123.65 , 5.400.69 , 2.662.60 ,4.84,2.00
32.57, 3.992.22 , 1.926.38 , 8.447.20 , 6.443.94 , 1.904.54 , 6.944.86 , 10.164.98 , 6.842.29 , 5.026.21 , 9.375.98 , 5.793.25 , 4.962.04 , 4.6520.29 , 33.165.09 , 8.426.94 , 3.525.83 , 2.331.36 , 5.062.84 , 1.533.77 , 4.053.22 , 2.171.94 , 5.115.31 , 9.534.75 , 5.715.58 , 3.203.00 , 6.434.20 , 6.952.62 , 6.844.06 , 5.312.56 , 5.112.33 , 3.494.85 , 2.901.04 , 4.352.96 , 4.835.52 , 9.491.42 , 4.873.36 , 3.632.51 , 5.481.01 , 5.550.89 , 3.132.50 , 6.591.63 , 5.511.43 , 4.263.15 , 5.502.59 , 4.133.51 , 5.944.02 , 4.911.89 , 3.351.71 , 4.661.93 , 6.723.63 , 3.583.12 , 4.613.97 , 4.493.25 , 7.222.99 , 3.802.84 , 6.615.13 , 1.704.21 , 3.552.80 , 5.152.57 , 5.161.36 , 4.242.92 , 6.442.79 , 5.662.59 , 3.341.03 , 1.662.66 , 2.472.82 ,5.17,2.00
31.15, 34.4712.18 , 16.174.39 , 5.523.25 , 3.323.66 , 8.377.33 , 7.482.64 , 8.691.55 , 4.531.23 , 4.997.56 , 9.545.13 , 10.575.43 , 8.9127.87 , 10.7174.56 , 40.0620.14 , 12.5111.51 , 10.482.22 , 2.227.93 , 7.707.48 , 10.101.92 , 5.681.72 , 7.072.16 , 5.406.16 , 0.823.05 , 2.811.31 , 10.819.35 , 9.163.23 , 4.276.09 , 4.172.82 , 4.432.08 , 4.812.37 , 5.052.61 , 7.541.46 , 8.363.03 , 6.862.03 , 2.093.50 , 4.522.39 , 4.861.90 , 4.071.89 , 7.891.57 , 4.791.91 , 4.284.87 , 2.023.23 , 4.273.38 , 4.972.95 , 4.712.27 , 4.602.96 , 5.241.90 , 3.121.71 , 6.841.69 , 8.653.90 , 5.484.68 , 3.921.60 , 4.041.88 , 5.903.35 , 5.013.24 , 4.981.89 , 4.583.16 , 4.663.07 , 1.821.61 , 7.002.55 , 5.512.96 , 4.433.57 , 3.522.32 , 8.714.16 , 6.051.08 , 5.200.96 ,4.21,2.00
